（親）ASIN,（子）ASIN,タイトル,セッション数 - 合計,セッション率 - 合計,ページビュー - 合計,ページビュー率 - 合計,おすすめ出品（おすすめ商品）の獲得率,注文された商品点数,ユニットセッション率,注文商品の売上額,注文品目総数,商品が返金されました,返金率
B0FDG685PG,B0FL7ZW5NR,"[CALM.st] レディース ファスナー 膝下 スカート ミモレ 通年 タイト 着痩せ ロング マキシ丈 きれいめ (JP, アルファベット,2XL, ブラック)",25,0.97%,52,1.48%,90.91%,4,16.00%,"￥7,120",4,0,0.00%
B0FDWKWXD6,B0FMJZPYPT,"[CALM.st] メッシュ パンプス レディース フラット ローヒール 通勤 幅広 軽量 走れる 美脚 立ち仕事 (ブラック, 日本の靴のサイズ寸法, 大人, 数値, 24.5 cm)",19,0.74%,27,0.77%,100.00%,4,21.05%,"￥7,120",4,0,0.00%
B0G2YQQZMV,B0G2CTKW21,"[CALM.st] 猫 ねこ スリッパ もふもふ 室内 冬用 猫柄 ルームシューズ 洗える もこもこ レディース 保温 防寒 滑り止め 厚底 オフィス 男女兼用 (黒猫A, 標準, 日本の靴のサイズ寸法, 大人, 数値, 22.5 cm)",29,1.13%,41,1.16%,100.00%,4,13.79%,"￥7,920",4,0,0.00%
B0FDWKWXD6,B0FDR7CZGK,"[CALM.st] メッシュ パンプス レディース フラット ローヒール 通勤 幅広 軽量 走れる 美脚 立ち仕事 (ブラック, 日本の靴のサイズ寸法, 大人, 数値, 24.0 cm)",49,1.91%,71,2.02%,100.00%,3,6.12%,"￥5,340",3,0,0.00%
B0FGWL2QPR,B0FGWKVXVD,"[CALM.st] サンダル 厚底 作業 靴 メンズ ビーチ 軽量 スポーティー 日常 レジャー フラット フッドベット (ブラック, 日本の靴のサイズ寸法, 大人, 数値, 27.0 cm)",32,1.24%,47,1.33%,100.00%,3,9.38%,"￥8,340",3,0,0.00%
B0FDWKWXD6,B0FJSQHQSN,"[CALM.st] メッシュ パンプス レディース フラット ローヒール 通勤 幅広 軽量 走れる 美脚 立ち仕事 (ブラック, 日本の靴のサイズ寸法, 大人, 数値, 23.5 cm)",26,1.01%,34,0.97%,100.00%,3,11.54%,"￥5,340",3,1,33.33%
B0FS83BQ26,B0FS84MRT5,"[CALM.st] タンクトップ キャミソール レディース リブ ブラ紐隠し インナー 伸縮性 細身 Uネック (JP, アルファベット, M, ブラック)",48,1.87%,65,1.85%,100.00%,5,10.42%,"￥4,400",3,0,0.00%
B0F2GDK5ZT,B0F2GDK5ZT,週刊少年ジャンプ (19号),11,0.43%,13,0.37%,8.33%,2,18.18%,"￥1,798",2,0,0.00%
B0FDW2XL22,B0FD8YGZWW,[CALM.st] ブラウス レディース スクエア ネック シャツ 長袖 ボリューム 襟なし 体型カバー 韓国,13,0.51%,17,0.48%,100.00%,2,15.38%,"￥1,798",2,0,0.00%
B0FDW2XL22,B0FD8Z95X9,[CALM.st] ブラウス レディース スクエア ネック シャツ 長袖 ボリューム 襟なし 体型カバー 韓国,15,0.58%,17,0.48%,100.00%,2,13.33%,"￥1,798",2,0,0.00%
B0FDWKWXD6,B0FDR7N34C,"[CALM.st] メッシュ パンプス レディース フラット ローヒール 通勤 幅広 軽量 走れる 美脚 立ち仕事 (ブラック, 日本の靴のサイズ寸法, 大人, 数値, 25.0 cm)",22,0.86%,31,0.88%,100.00%,2,9.09%,"￥3,560",2,0,0.00%
B0FS83BQ26,B0G1NBWMHF,[CALM.st] タンクトップ キャミソール レディース リブ ブラ紐隠し インナー 伸縮性 細身 Uネック,4,0.16%,5,0.14%,100.00%,2,50.00%,"￥1,960",2,0,0.00%
4065345626,4065345626,極彩色 東京卍リベンジャーズ Brilliant Full Color Edition(28) (KCデラックス),6,0.23%,10,0.28%,100.00%,1,16.67%,￥850,1,0,0.00%
B00J496XRW,B00J496XRW,最強ジャンプ (5月号),15,0.58%,23,0.65%,0.00%,1,6.67%,"￥1,250",1,0,0.00%
B0DHTMYFWB,B0DHTMYFWB,ジャンプGIGA 2024 AUTUMN,81,3.15%,106,3.01%,5.49%,1,1.23%,"￥1,950",1,0,0.00%
B0DHW6PL38,B0DHW6PL38,週刊少年ジャンプ (45号),40,1.56%,50,1.42%,81.82%,1,2.50%,￥989,1,0,0.00%
B0FDGHSR2K,B0FDGF7YDT,"[CALM.st] サテン キャミソール レディース インナー スクエアネック 肩紐隠し タンクトップ 重ね着 トップス (JP, アルファベット, M, ブラック)",8,0.31%,11,0.31%,100.00%,1,12.50%,"￥1,780",1,0,0.00%
B0FK3CQZPZ,B0FK3DL6CM,"[CALM.st] スカート ミニ ミニスカ レディース コスプレ Aライン ベルト インナー 付き マイクロ プリーツ (JP, アルファベット, L, ブラック)",43,1.67%,67,1.90%,100.00%,1,2.33%,"￥2,180",1,0,0.00%
B0FK3TJSSH,B0FK3KW3JJ,"[CALM.st] メンズ レイン シューズ 防水 雨 園芸 農業 通勤 ショート丈 長靴 釣り 通学 梅雨 学校 無地 (ブラック, 日本の靴のサイズ寸法, 大人, 数値, 25.0 cm)",5,0.19%,9,0.26%,100.00%,1,20.00%,"￥2,380",1,0,0.00%
B0FKT7CSLG,B0FKT53LYH,"[CALM.st] サンダル スポーツ 厚底 アウトドア メンズ レジャー 作業 靴 外履き 室内 通気性 快適 幅広 (ブラック, 日本の靴のサイズ寸法, 大人, 数値, 25.0 cm)",6,0.23%,9,0.26%,100.00%,1,16.67%,"￥2,980",1,0,0.00%
B0FVSKT393,B0FKTQVJB8,"[CALM.st] ランニング シューズ メッシュ レディース トレーニング スポーツ 作業 軽量 カジュアル ジム (ブラック, 日本の靴のサイズ寸法, 大人, 数値, 24.5 cm)",3,0.12%,4,0.11%,100.00%,1,33.33%,"￥1,680",1,0,0.00%
B0FL7XXQLN,B0FL7Q73ZD,"[CALM.st] ビーチサンダル メンズ 鼻緒 ビーチ トングサンダル 島ぞうり 草履 軽量 外履き アウトドア (ブラック, 日本の靴のサイズ寸法, 大人, 数値, 27.0 cm)",1,0.04%,1,0.03%,100.00%,1,100.00%,"￥1,780",1,0,0.00%
B0FL9DHDWW,B0FL8BDN7R,"[CALM.st] フォーマルジューズ キラキラ リボン 女の子 ドレス サンダル 発表会 結婚式 七五三 パーティー (シルバー, 日本の靴のサイズ寸法, キッズ, 数値, 17.0 cm)",6,0.23%,6,0.17%,100.00%,1,16.67%,￥999,1,0,0.00%
B0FL9DHDWW,B0FL8FJYCZ, ,6,0.23%,16,0.45%,100.00%,1,16.67%,￥999,1,0,0.00%
B0FMPH1BZ3,B0FMP4M3PB,"[CALM.st] レディース スニーカー メッシュ 軽量 通気性 ランニングシューズ 春夏秋 幅広 サイズ 黒 白 (ブラック, 日本の靴のサイズ寸法, 大人, 数値, 24.0 cm)",3,0.12%,3,0.09%,100.00%,1,33.33%,"￥2,280",1,0,0.00%
B0FGWL2QPR,B0FMPDZRFT,"[CALM.st] サンダル 厚底 作業 靴 メンズ ビーチ 軽量 スポーティー 日常 レジャー フラット フッドベット (ブラック, 日本の靴のサイズ寸法, 大人, 数値, 27.0 cm)",3,0.12%,6,0.17%,100.00%,1,33.33%,"￥2,000",1,0,0.00%
B0FDWKWXD6,B0FP5K8J5T,"[CALM.st] メッシュ パンプス レディース フラット ローヒール 通勤 幅広 軽量 走れる 美脚 立ち仕事 (ベージュ, 日本の靴のサイズ寸法, 大人, 数値, 24.5 cm)",9,0.35%,14,0.40%,100.00%,1,11.11%,"￥1,780",1,0,0.00%
B0FDWKWXD6,B0FP5KRG79,"[CALM.st] メッシュ パンプス レディース フラット ローヒール 通勤 幅広 軽量 走れる 美脚 立ち仕事 (ブラック, 日本の靴のサイズ寸法, 大人, 数値, 23.0 cm)",14,0.54%,24,0.68%,100.00%,1,7.14%,"￥1,780",1,0,0.00%
B0FDWKWXD6,B0FP5L4D9K,"[CALM.st] メッシュ パンプス レディース フラット ローヒール 通勤 幅広 軽量 走れる 美脚 立ち仕事 (グレー, 日本の靴のサイズ寸法, 大人, 数値, 25.0 cm)",7,0.27%,16,0.45%,100.00%,1,14.29%,"￥1,780",1,0,0.00%
B0FVSJNBZ7,B0FPGCD3W5,[CALM.st] ポップコーンバッグ トート キルティング 大容量 マザーズ 軽量 レディース ワッフル 韓国 (もこもこホワイトS),157,6.10%,200,5.68%,100.00%,1,0.64%,"￥1,480",1,0,0.00%
B0FVSJNBZ7,B0FPGD3B3V,[CALM.st] ポップコーンバッグ トート キルティング 大容量 マザーズ 軽量 レディース ワッフル 韓国 (もこもこブラックL),60,2.33%,73,2.07%,98.51%,1,1.67%,"￥1,980",1,0,0.00%
B0FVSJNBZ7,B0FPGGYLTQ,[CALM.st] ポップコーンバッグ トート キルティング 大容量 マザーズ 軽量 レディース ワッフル 韓国 (もこもこブラックS),77,2.99%,100,2.84%,97.87%,1,1.30%,"￥1,680",1,0,0.00%
B0FQ634CN3,B0FQ5Z9682,[CALM.st] スマホポーチ ショルダー スマホ メンズ 小さめ ポシェット スマホケース サコッシュ 斜めがけ (ダークブラック),15,0.58%,19,0.54%,100.00%,1,6.67%,￥899,1,0,0.00%
B0FS6M1SL8,B0FS2G93ZY,[CALM.st] トートバッグ キャンバス 軽量 仕切り 自立 マチ広 ハンドバッグ シンプル レディース (ブラックA スモール),96,3.73%,131,3.72%,95.97%,1,1.04%,"￥1,780",1,0,0.00%
B0FS81R2FB,B0FS7ZVZYV,"[CALM.st] ワンピース ロング丈 ドッキング 長袖 レディース ニット 異素材 切替 大きいサイズ きれいめ (JP, アルファベット, 3XL, ブラック)",11,0.43%,22,0.62%,100.00%,1,9.09%,"￥3,480",1,0,0.00%
B0FS83BQ26,B0FS81TC8Y,"[CALM.st] タンクトップ キャミソール レディース リブ ブラ紐隠し インナー 伸縮性 細身 Uネック (JP, アルファベット, S, ブラック)",24,0.93%,33,0.94%,100.00%,1,4.17%,￥980,1,0,0.00%
B0FS886D4R,B0FS854LLM,[CALM.st] ネグリジェ パジャマ ワンピース 長袖 レディース 姫系 ルームウェア フリル セクシー 部屋着 (L),43,1.67%,60,1.70%,100.00%,1,2.33%,"￥1,780",1,0,0.00%
B0FST32ZJ5,B0FSSWW1CW,[CALM.st] 厚底 ブーツ ショートブーツ レディース レースアップ ブーティー 軽量 サイドジッパー コスプレ,6,0.23%,10,0.28%,100.00%,1,16.67%,"￥2,480",1,0,0.00%
B0FXH9F9MV,B0FX47ZP8N,"[CALM.st] ワイドパンツ レディース きれいめ ロング ガウチョ フレア パンツ スカーチョ 通年 韓国風 ハイウエスト 9分丈 (JP, アルファベット, XL, ブラック)",18,0.70%,21,0.60%,100.00%,1,5.56%,"￥1,880",1,0,0.00%
B0FXHBNQ7V,B0G19Z4CR3,"[CALM.st] パンプス レディース ローヒール 靴 歩きやすい リクルート オフィス フォーマル 就活 通勤 出張 1cmヒール (ブラック, 日本の靴のサイズ寸法, 大人, 数値, 23.5 cm)",3,0.12%,3,0.09%,100.00%,1,33.33%,"￥2,480",1,0,0.00%
B0FXHBNQ7V,B0G1B4NXFL,"[CALM.st] パンプス レディース ローヒール 靴 歩きやすい リクルート オフィス フォーマル 就活 通勤 出張 1cmヒール (ブラック, 日本の靴のサイズ寸法, 大人, 数値, 25.5 cm)",3,0.12%,4,0.11%,100.00%,1,33.33%,"￥2,480",1,0,0.00%
B0FS83BQ26,B0G1NGV72B,[CALM.st] タンクトップ キャミソール レディース リブ ブラ紐隠し インナー 伸縮性 細身 Uネック,4,0.16%,4,0.11%,100.00%,1,25.00%,￥980,1,0,0.00%
B0FS83BQ26,B0G1Y337ST,"[CALM.st] タンクトップ キャミソール レディース リブ ブラ紐隠し インナー 伸縮性 細身 Uネック (JP, アルファベット, M, ブラック)",5,0.19%,5,0.14%,100.00%,1,20.00%,"￥1,880",1,0,0.00%
B0G2YQQZMV,B0G2CRS7N5,"[CALM.st] 猫 ねこ スリッパ もふもふ 室内 冬用 猫柄 ルームシューズ 洗える もこもこ レディース 保温 防寒 滑り止め 厚底 オフィス 男女兼用 (黒猫B, 標準, 日本の靴のサイズ寸法, 大人, 数値, 23.0 cm)",6,0.23%,6,0.17%,100.00%,1,16.67%,"￥1,780",1,0,0.00%
B0G2M8VJLW,B0G2CTRMP2,[CALM.st] 靴下 レディース ソックス くるぶし 綿 防臭 通気 吸汗 脱げない セット 無地 シンプル オフィス カジュアル スポーツ ギフト 3足 5足 (3),5,0.19%,8,0.23%,100.00%,1,20.00%,￥899,1,0,0.00%
4065335566,4065335566,極彩色 東京卍リベンジャーズ Brilliant Full Color Edition(21) (KCデラックス),6,0.23%,7,0.20%,50.00%,0,0.00%,￥0,0,0,0.00%
4065341779,4065341779,極彩色 東京卍リベンジャーズ Brilliant Full Color Edition(25) (KCデラックス),5,0.19%,6,0.17%,20.00%,0,0.00%,￥0,0,0,0.00%
4065341841,4065341841,極彩色 東京卍リベンジャーズ Brilliant Full Color Edition(26) (KCデラックス),3,0.12%,3,0.09%,0.00%,0,0.00%,￥0,0,0,0.00%
4065348757,4065348757,極彩色 東京卍リベンジャーズ Brilliant Full Color Edition(29) (KCデラックス),14,0.54%,17,0.48%,50.00%,0,0.00%,￥0,0,0,0.00%
B0CVLHMD17,B0CVLHMD17,少年ジャンプ(13) 2024年 3/11 号 [雑誌],1,0.04%,1,0.03%,0.00%,0,0.00%,￥0,0,0,0.00%
B0DCCCTYXB,B0DCCCTYXB,週刊少年ジャンプ (39号),10,0.39%,12,0.34%,0.00%,0,0.00%,￥0,0,0,0.00%
B0DH95QZYW,B0DH95QZYW,週刊少年ジャンプ (44号),6,0.23%,6,0.17%,0.00%,0,0.00%,￥0,0,0,0.00%
B0FDWLJK1M,B0FD8Y31YT,"[CALM.st] ワンピース キャミ 薄手 夏 レディース ロング 肩ひも調整 マタニティ Aライン フレア ゆったり (JP, アルファベット, 2L, ブラック)",4,0.16%,8,0.23%,62.50%,0,0.00%,￥0,0,0,0.00%
B0FDWLJK1M,B0FD8YG8KN,"[CALM.st] ワンピース キャミ 薄手 夏 レディース ロング 肩ひも調整 マタニティ Aライン フレア ゆったり (JP, アルファベット, L, ブラック)",2,0.08%,4,0.11%,25.00%,0,0.00%,￥0,0,0,0.00%
B0FDWLJK1M,B0FD8Z1D5W,"[CALM.st] ワンピース キャミ 薄手 夏 レディース ロング 肩ひも調整 マタニティ Aライン フレア ゆったり (JP, アルファベット, 3L, ブラック)",2,0.08%,2,0.06%,50.00%,0,0.00%,￥0,0,0,0.00%
B0FDWLJK1M,B0FD8Z8S95,"[CALM.st] ワンピース キャミ 薄手 夏 レディース ロング 肩ひも調整 マタニティ Aライン フレア ゆったり (JP, アルファベット, 4L, ブラック)",2,0.08%,3,0.09%,100.00%,0,0.00%,￥0,0,0,0.00%
B0FDWLJK1M,B0FD8ZB74B,"[CALM.st] ワンピース キャミ 薄手 夏 レディース ロング 肩ひも調整 マタニティ Aライン フレア ゆったり (JP, アルファベット, M, ブラック)",8,0.31%,9,0.26%,88.89%,0,0.00%,￥0,0,0,0.00%
B0FVNXZGFQ,B0FDBG7DB8,"[CALM.st] ビジネス バッグ メンズ 2WAY 大容量 軽量 撥水 パソコン 収納 就活 通勤 出張 兼用 (グレー, L)",3,0.12%,3,0.09%,100.00%,0,0.00%,￥0,0,0,0.00%
B0FVNXZGFQ,B0FDBK2T7Y,"[CALM.st] ビジネス バッグ メンズ 2WAY 大容量 軽量 撥水 パソコン 収納 就活 通勤 出張 兼用 (ブラック, S)",14,0.54%,14,0.40%,100.00%,0,0.00%,￥0,0,0,0.00%
B0FVNXZGFQ,B0FDBLGMHK,"[CALM.st] ビジネス バッグ メンズ 2WAY 大容量 軽量 撥水 パソコン 収納 就活 通勤 出張 兼用 (ブラック, L)",7,0.27%,9,0.26%,100.00%,0,0.00%,￥0,0,0,0.00%
B0FVNSW9PB,B0FDBN8TWQ,[CALM.st] メンズ トート バッグ 大容量 ビジネス 軽量 2way シンプル お洒落 ショルダー ファスナー (シャンパン),23,0.89%,23,0.65%,100.00%,0,0.00%,￥0,0,0,0.00%
B0FVNSW9PB,B0FDBNCS9L,[CALM.st] メンズ トート バッグ 大容量 ビジネス 軽量 2way シンプル お洒落 ショルダー ファスナー (カジュアルブラック),27,1.05%,33,0.94%,100.00%,0,0.00%,￥0,0,0,0.00%
B0FVNSW9PB,B0FDBNL8CM,[CALM.st] メンズ トート バッグ 大容量 ビジネス 軽量 2way シンプル お洒落 ショルダー ファスナー (ブラック),49,1.91%,107,3.04%,100.00%,0,0.00%,￥0,0,0,0.00%
B0FDG685PG,B0FDG685PG,[CALM.st] レディース ファスナー 膝下 スカート ミモレ 通年 タイト 着痩せ ロング マキシ丈 きれいめ,1,0.04%,1,0.03%,0.00%,0,0.00%,￥0,0,0,0.00%
B0FDGHSR2K,B0FDGDCJRD,"[CALM.st] サテン キャミソール レディース インナー スクエアネック 肩紐隠し タンクトップ 重ね着 トップス (JP, アルファベット, XL, ブラック)",69,2.68%,103,2.92%,100.00%,0,0.00%,￥0,0,0,0.00%
B0FDGHSR2K,B0FDGDPSLF,"[CALM.st] サテン キャミソール レディース インナー スクエアネック 肩紐隠し タンクトップ 重ね着 トップス (JP, アルファベット, L, ブラック)",25,0.97%,29,0.82%,100.00%,0,0.00%,￥0,0,0,0.00%
B0FDGHSR2K,B0FDGFBB13,"[CALM.st] サテン キャミソール レディース インナー スクエアネック 肩紐隠し タンクトップ 重ね着 トップス (JP, アルファベット, XL, ホワイト)",17,0.66%,18,0.51%,100.00%,0,0.00%,￥0,0,0,0.00%
B0FDGHSR2K,B0FDGJSYX4,"[CALM.st] サテン キャミソール レディース インナー スクエアネック 肩紐隠し タンクトップ 重ね着 トップス (JP, アルファベット, L, ホワイト)",13,0.51%,15,0.43%,93.33%,0,0.00%,￥0,0,0,0.00%
B0FDLGKRZP,B0FDGT5TG7,"[CALM.st] サテン ナイト ガウン レース レディース Vネック 大きいサイズ ネグリジェ ルーム ワンピース (ホワイト, L)",1,0.04%,1,0.03%,100.00%,0,0.00%,￥0,0,0,0.00%
B0FDLGKRZP,B0FDGTBBH3,"[CALM.st] サテン ナイト ガウン レース レディース Vネック 大きいサイズ ネグリジェ ルーム ワンピース (アプリコット, M)",1,0.04%,1,0.03%,100.00%,0,0.00%,￥0,0,0,0.00%
B0FDLGKRZP,B0FDGTCKCF,"[CALM.st] サテン ナイト ガウン レース レディース Vネック 大きいサイズ ネグリジェ ルーム ワンピース (ホワイト, M)",2,0.08%,2,0.06%,100.00%,0,0.00%,￥0,0,0,0.00%
B0FDRD4JZ4,B0FDR4VJ43,"[CALM.st] ノースリーブ ワンピース 膝丈 ポケット 体型 カバー 着痩せ レディース フレンチ ミディアム (JP, アルファベット, M, ブラック)",2,0.08%,2,0.06%,0.00%,0,0.00%,￥0,0,0,0.00%
B0FDRD4JZ4,B0FDR6G9B9,"[CALM.st] ノースリーブ ワンピース 膝丈 ポケット 体型 カバー 着痩せ レディース フレンチ ミディアム (JP, アルファベット, L, ブラック)",3,0.12%,5,0.14%,100.00%,0,0.00%,￥0,0,0,0.00%
B0FDWLLPQP,B0FDR6LYW3,"[CALM.st] ヘンリーネック Tシャツ 半袖 レディース 綿麻 サラサラ 無地 体型カバー 涼感 トップス 高見え (JP, アルファベット, M, ホワイト)",4,0.16%,4,0.11%,100.00%,0,0.00%,￥0,0,0,0.00%
B0FDWKWXD6,B0FDR6VWCF,"[CALM.st] メッシュ パンプス レディース フラット ローヒール 通勤 幅広 軽量 走れる 美脚 立ち仕事 (ベージュ, 日本の靴のサイズ寸法, 大人, 数値, 25.0 cm)",33,1.28%,50,1.42%,100.00%,0,0.00%,￥0,0,0,0.00%
B0FDRD4JZ4,B0FDR7DQVW,"[CALM.st] ノースリーブ ワンピース 膝丈 ポケット 体型 カバー 着痩せ レディース フレンチ ミディアム (JP, アルファベット, XL, ブラック)",4,0.16%,6,0.17%,0.00%,0,0.00%,￥0,0,0,0.00%
B0FDWKWXD6,B0FDR94HF4,"[CALM.st] メッシュ パンプス レディース フラット ローヒール 通勤 幅広 軽量 走れる 美脚 立ち仕事 (ベージュ, 日本の靴のサイズ寸法, 大人, 数値, 24.0 cm)",14,0.54%,17,0.48%,100.00%,0,0.00%,￥0,0,0,0.00%
B0FDWLLPQP,B0FDR9HNBS,"[CALM.st] ヘンリーネック Tシャツ 半袖 レディース 綿麻 サラサラ 無地 体型カバー 涼感 トップス 高見え (JP, アルファベット, L, ホワイト)",2,0.08%,3,0.09%,100.00%,0,0.00%,￥0,0,0,0.00%
B0FDWKWXD6,B0FDRCBDV5,"[CALM.st] メッシュ パンプス レディース フラット ローヒール 通勤 幅広 軽量 走れる 美脚 立ち仕事 (グレー, 日本の靴のサイズ寸法, 大人, 数値, 24.0 cm)",8,0.31%,10,0.28%,100.00%,0,0.00%,￥0,0,0,0.00%
B0FVNXZGFQ,B0FDW762PC,"[CALM.st] ビジネス バッグ メンズ 2WAY 大容量 軽量 撥水 パソコン 収納 就活 通勤 出張 兼用 (グレー, M)",1,0.04%,1,0.03%,100.00%,0,0.00%,￥0,0,0,0.00%
B0FVNXZGFQ,B0FDWG61HK,"[CALM.st] ビジネス バッグ メンズ 2WAY 大容量 軽量 撥水 パソコン 収納 就活 通勤 出張 兼用 (ブルー, L)",2,0.08%,2,0.06%,100.00%,0,0.00%,￥0,0,0,0.00%
B0FDWLJK1M,B0FDWLJK1M,[CALM.st] ワンピース キャミ 薄手 夏 レディース ロング 肩ひも調整 マタニティ Aライン フレア ゆったり,1,0.04%,1,0.03%,0.00%,0,0.00%,￥0,0,0,0.00%
B0FVNXZGFQ,B0FGVFJP14,"[CALM.st] ビジネス バッグ メンズ 2WAY 大容量 軽量 撥水 パソコン 収納 就活 通勤 出張 兼用 (ブラック, M)",8,0.31%,8,0.23%,100.00%,0,0.00%,￥0,0,0,0.00%
B0FGVH8P89,B0FGVG6N79,"[CALM.st] レディース サンダル 厚底 スポーツ マジックテープ 幅広 立ち仕事 ランニング レジャー 海 (ブラック, 日本の靴のサイズ寸法, 大人, 数値, 24.0 cm)",3,0.12%,3,0.09%,100.00%,0,0.00%,￥0,0,0,0.00%
B0FGVH8P89,B0FGVGMTY5,"[CALM.st] レディース サンダル 厚底 スポーツ マジックテープ 幅広 立ち仕事 ランニング レジャー 海 (ブラック, 日本の靴のサイズ寸法, 大人, 数値, 25.0 cm)",3,0.12%,3,0.09%,100.00%,0,0.00%,￥0,0,0,0.00%
B0FGVH8P89,B0FGVJMHZQ,"[CALM.st] レディース サンダル 厚底 スポーツ マジックテープ 幅広 立ち仕事 ランニング レジャー 海 (ホワイト, 日本の靴のサイズ寸法, 大人, 数値, 24.0 cm)",1,0.04%,1,0.03%,0.00%,0,0.00%,￥0,0,0,0.00%
B0FGVLZD3B,B0FGVLZTQG,"[CALM.st] レース カーディガン レディース 7分袖 ロング丈 薄手 UVカット シアー 冷房 花柄 フレア (JP, アルファベット, L, ブラック(刺繍))",1,0.04%,1,0.03%,0.00%,0,0.00%,￥0,0,0,0.00%
B0FGVLZD3B,B0FGVN8R5Y,"[CALM.st] レース カーディガン レディース 7分袖 ロング丈 薄手 UVカット シアー 冷房 花柄 フレア (JP, アルファベット, L, ホワイト（刺繍）)",1,0.04%,1,0.03%,0.00%,0,0.00%,￥0,0,0,0.00%
B0FGVLZD3B,B0FGVP3K1T,"[CALM.st] レース カーディガン レディース 7分袖 ロング丈 薄手 UVカット シアー 冷房 花柄 フレア (JP, アルファベット, M, ブラック(刺繍))",1,0.04%,1,0.03%,0.00%,0,0.00%,￥0,0,0,0.00%
B0FGVLZD3B,B0FGVQVTYK,"[CALM.st] レース カーディガン レディース 7分袖 ロング丈 薄手 UVカット シアー 冷房 花柄 フレア (JP, アルファベット, M, ホワイト（刺繍）)",1,0.04%,1,0.03%,0.00%,0,0.00%,￥0,0,0,0.00%
B0FGWL2QPR,B0FGWKBLRS,"[CALM.st] サンダル 厚底 作業 靴 メンズ ビーチ 軽量 スポーティー 日常 レジャー フラット フッドベット (ブラック, 日本の靴のサイズ寸法, 大人, 数値, 25.0 cm)",10,0.39%,25,0.71%,100.00%,0,0.00%,￥0,0,0,0.00%
B0FGVH8P89,B0FJ6B67VQ,"[CALM.st] レディース サンダル 厚底 スポーツ マジックテープ 幅広 立ち仕事 ランニング レジャー 海 (ブラック, 日本の靴のサイズ寸法, 大人, 数値, 23.5 cm)",3,0.12%,3,0.09%,100.00%,0,0.00%,￥0,0,0,0.00%
B0FGVLZD3B,B0FJG6MWKH,"[CALM.st] レース カーディガン レディース 7分袖 ロング丈 薄手 UVカット シアー 冷房 花柄 フレア (JP, アルファベット, XL, ホワイト（ストライプ）)",1,0.04%,1,0.03%,100.00%,0,0.00%,￥0,0,0,0.00%
B0FGVLZD3B,B0FJG6QSZN,"[CALM.st] レース カーディガン レディース 7分袖 ロング丈 薄手 UVカット シアー 冷房 花柄 フレア (JP, アルファベット, XL, ブラック（ストライプ）)",1,0.04%,1,0.03%,100.00%,0,0.00%,￥0,0,0,0.00%
B0FGVH8P89,B0FJSK34BF,"[CALM.st] レディース サンダル 厚底 スポーツ マジックテープ 幅広 立ち仕事 ランニング レジャー 海 (ブラック, 日本の靴のサイズ寸法, 大人, 数値, 23.5 cm)",2,0.08%,2,0.06%,0.00%,0,0.00%,￥0,0,0,0.00%
B0FGWL2QPR,B0FJXBL549,"[CALM.st] サンダル 厚底 作業 靴 メンズ ビーチ 軽量 スポーティー 日常 レジャー フラット フッドベット (ブラック, 日本の靴のサイズ寸法, 大人, 数値, 26.0 cm)",63,2.45%,75,2.13%,100.00%,0,0.00%,￥0,0,0,0.00%
B0FDWKWXD6,B0FJXSH31L,"[CALM.st] メッシュ パンプス レディース フラット ローヒール 通勤 幅広 軽量 走れる 美脚 立ち仕事 (グレー, 日本の靴のサイズ寸法, 大人, 数値, 24.5 cm)",6,0.23%,10,0.28%,100.00%,0,0.00%,￥0,0,0,0.00%
B0FK3CQZPZ,B0FK3D6RHZ,"[CALM.st] スカート ミニ ミニスカ レディース コスプレ Aライン ベルト インナー 付き マイクロ プリーツ (JP, アルファベット, L, グレー)",76,2.95%,155,4.40%,99.23%,0,0.00%,￥0,0,0,0.00%
B0FK3TJSSH,B0FK3JQGCF,"[CALM.st] メンズ レイン シューズ 防水 雨 園芸 農業 通勤 ショート丈 長靴 釣り 通学 梅雨 学校 無地 (ブラック, 日本の靴のサイズ寸法, 大人, 数値, 26.0 cm)",17,0.66%,21,0.60%,100.00%,0,0.00%,￥0,0,0,0.00%
B0FK3TJSSH,B0FK3LYQNM,"[CALM.st] メンズ レイン シューズ 防水 雨 園芸 農業 通勤 ショート丈 長靴 釣り 通学 梅雨 学校 無地 (ブラックレッド, 日本の靴のサイズ寸法, 大人, 数値, 25.0 cm)",7,0.27%,7,0.20%,100.00%,0,0.00%,￥0,0,0,0.00%
B0FK3TJSSH,B0FK3MP5PG,"[CALM.st] メンズ レイン シューズ 防水 雨 園芸 農業 通勤 ショート丈 長靴 釣り 通学 梅雨 学校 無地 (ブラックレッド, 日本の靴のサイズ寸法, 大人, 数値, 26.0 cm)",8,0.31%,9,0.26%,100.00%,0,0.00%,￥0,0,0,0.00%
B0FK3TJSSH,B0FK3NP9QN,"[CALM.st] メンズ レイン シューズ 防水 雨 園芸 農業 通勤 ショート丈 長靴 釣り 通学 梅雨 学校 無地 (ブラックレッド, 日本の靴のサイズ寸法, 大人, 数値, 27.0 cm)",9,0.35%,9,0.26%,100.00%,0,0.00%,￥0,0,0,0.00%
B0FK3TJSSH,B0FKBXZTJQ,"[CALM.st] メンズ レイン シューズ 防水 雨 園芸 農業 通勤 ショート丈 長靴 釣り 通学 梅雨 学校 無地 (ブラック, 日本の靴のサイズ寸法, 大人, 数値, 27.0 cm)",8,0.31%,9,0.26%,100.00%,0,0.00%,￥0,0,0,0.00%
B0FKT7CSLG,B0FKT2FZQD,"[CALM.st] サンダル スポーツ 厚底 アウトドア メンズ レジャー 作業 靴 外履き 室内 通気性 快適 幅広 (ブラック, 日本の靴のサイズ寸法, 大人, 数値, 27.0 cm)",8,0.31%,11,0.31%,100.00%,0,0.00%,￥0,0,0,0.00%
B0FKT7CSLG,B0FKT5JN1J,"[CALM.st] サンダル スポーツ 厚底 アウトドア メンズ レジャー 作業 靴 外履き 室内 通気性 快適 幅広 (ブラック, 日本の靴のサイズ寸法, 大人, 数値, 26.0 cm)",6,0.23%,9,0.26%,100.00%,0,0.00%,￥0,0,0,0.00%
B0FKT7CSLG,B0FKT5TGJW,"[CALM.st] サンダル スポーツ 厚底 アウトドア メンズ レジャー 作業 靴 外履き 室内 通気性 快適 幅広 (ブラック, 日本の靴のサイズ寸法, 大人, 数値, 26.5 cm)",4,0.16%,5,0.14%,100.00%,0,0.00%,￥0,0,0,0.00%
B0FKT7CSLG,B0FKT7CSLG,[CALM.st] サンダル スポーツ 厚底 アウトドア メンズ レジャー 作業 靴 外履き 室内 通気性 快適 幅広,1,0.04%,1,0.03%,0.00%,0,0.00%,￥0,0,0,0.00%
B0FVSKT393,B0FKTLSVXJ,"[CALM.st] ランニング シューズ メッシュ レディース トレーニング スポーツ 作業 軽量 カジュアル ジム (ブラック, 日本の靴のサイズ寸法, 大人, 数値, 24.0 cm)",8,0.31%,10,0.28%,100.00%,0,0.00%,￥0,0,0,0.00%
B0FVSKT393,B0FKTNY44D,"[CALM.st] ランニング シューズ メッシュ レディース トレーニング スポーツ 作業 軽量 カジュアル ジム (ブラック, 日本の靴のサイズ寸法, 大人, 数値, 25.0 cm)",4,0.16%,5,0.14%,100.00%,0,0.00%,￥0,0,0,0.00%
B0FVSKT393,B0FKTPS9FS,"[CALM.st] ランニング シューズ メッシュ レディース トレーニング スポーツ 作業 軽量 カジュアル ジム (ブラック, 日本の靴のサイズ寸法, 大人, 数値, 23.5 cm)",3,0.12%,4,0.11%,100.00%,0,0.00%,￥0,0,0,0.00%
B0FL7XXQLN,B0FL7XXQLN,[CALM.st] ビーチサンダル メンズ 鼻緒 ビーチ トングサンダル 島ぞうり 草履 軽量 外履き アウトドア,1,0.04%,1,0.03%,0.00%,0,0.00%,￥0,0,0,0.00%
B0FK3TJSSH,B0FL86P6Z5,"[CALM.st] メンズ レイン シューズ 防水 雨 園芸 農業 通勤 ショート丈 長靴 釣り 通学 梅雨 学校 無地 (ブラックレッド, 日本の靴のサイズ寸法, 大人, 数値, 24.0 cm)",4,0.16%,4,0.11%,100.00%,0,0.00%,￥0,0,0,0.00%
B0FL9DHDWW,B0FL8TN6FW,"[CALM.st] フォーマルジューズ キラキラ リボン 女の子 ドレス サンダル 発表会 結婚式 七五三 パーティー (シルバー, 日本の靴のサイズ寸法, キッズ, 数値, 18.0 cm)",10,0.39%,10,0.28%,100.00%,0,0.00%,￥0,0,0,0.00%
B0FL9DHDWW,B0FL8ZDHZC,"[CALM.st] フォーマルジューズ キラキラ リボン 女の子 ドレス サンダル 発表会 結婚式 七五三 パーティー (シルバー, 日本の靴のサイズ寸法, キッズ, 数値, 19.0 cm)",13,0.51%,25,0.71%,86.96%,0,0.00%,￥0,0,0,0.00%
B0FLF1SYT9,B0FLDW5N6H,"[CALM.st] ビーチサンダル メンズ ルームシューズ トング 防滑 夏 鼻緒サンダル カジュアル アウトドア (ブラック, 日本の靴のサイズ寸法, 大人, 数値, 25.0 cm)",2,0.08%,2,0.06%,100.00%,0,0.00%,￥0,0,0,0.00%
B0FLF1SYT9,B0FLDWL1FP,"[CALM.st] ビーチサンダル メンズ ルームシューズ トング 防滑 夏 鼻緒サンダル カジュアル アウトドア (ブラック, 日本の靴のサイズ寸法, 大人, 数値, 27.0 cm)",3,0.12%,3,0.09%,100.00%,0,0.00%,￥0,0,0,0.00%
B0FK3TJSSH,B0FLDXWQM2,"[CALM.st] メンズ レイン シューズ 防水 雨 園芸 農業 通勤 ショート丈 長靴 釣り 通学 梅雨 学校 無地 (ブラック, 日本の靴のサイズ寸法, 大人, 数値, 24.0 cm)",1,0.04%,1,0.03%,100.00%,0,0.00%,￥0,0,0,0.00%
B0FLF1SYT9,B0FLDZ1J85,"[CALM.st] ビーチサンダル メンズ ルームシューズ トング 防滑 夏 鼻緒サンダル カジュアル アウトドア (ブラウン, 日本の靴のサイズ寸法, 大人, 数値, 26.0 cm)",3,0.12%,3,0.09%,100.00%,0,0.00%,￥0,0,0,0.00%
B0FGVLZD3B,B0FMDZ21WP,"[CALM.st] レース カーディガン レディース 7分袖 ロング丈 薄手 UVカット シアー 冷房 花柄 フレア (JP, アルファベット, XL, ブラック(刺繍))",1,0.04%,1,0.03%,100.00%,0,0.00%,￥0,0,0,0.00%
B0FDRD4JZ4,B0FMF3BXRD,"[CALM.st] ノースリーブ ワンピース 膝丈 ポケット 体型 カバー 着痩せ レディース フレンチ ミディアム (JP, アルファベット, 2XL, ブラック)",1,0.04%,1,0.03%,0.00%,0,0.00%,￥0,0,0,0.00%
B0FDWLJK1M,B0FMF6D7KB,"[CALM.st] ワンピース キャミ 薄手 夏 レディース ロング 肩ひも調整 マタニティ Aライン フレア ゆったり (JP, アルファベット, XL, ブラック)",4,0.16%,11,0.31%,27.27%,0,0.00%,￥0,0,0,0.00%
B0FDGHSR2K,B0FMFDM82V,"[CALM.st] サテン キャミソール レディース インナー スクエアネック 肩紐隠し タンクトップ 重ね着 トップス (JP, アルファベット, M, ホワイト)",6,0.23%,6,0.17%,100.00%,0,0.00%,￥0,0,0,0.00%
B0FGWL2QPR,B0FMFFKT3D,"[CALM.st] サンダル 厚底 作業 靴 メンズ ビーチ 軽量 スポーティー 日常 レジャー フラット フッドベット (ブラック, 日本の靴のサイズ寸法, 大人, 数値, 26.5 cm)",13,0.51%,17,0.48%,100.00%,0,0.00%,￥0,0,0,0.00%
B0FMPH1BZ3,B0FMP561DH,"[CALM.st] レディース スニーカー メッシュ 軽量 通気性 ランニングシューズ 春夏秋 幅広 サイズ 黒 白 (ブラック, 日本の靴のサイズ寸法, 大人, 数値, 23.5 cm)",4,0.16%,4,0.11%,100.00%,0,0.00%,￥0,0,0,0.00%
B0FMPH1BZ3,B0FMP5WMWF,"[CALM.st] レディース スニーカー メッシュ 軽量 通気性 ランニングシューズ 春夏秋 幅広 サイズ 黒 白 (ホワイト, 日本の靴のサイズ寸法, 大人, 数値, 24.0 cm)",6,0.23%,6,0.17%,100.00%,0,0.00%,￥0,0,0,0.00%
B0FPRHKVYT,B0FMP64CML,"ボディバッグ メンズ 小さめ 防水 斜めがけ ウエストポーチ ショルダーバッグ 軽量 ランニング (ブラック(クラシック), クラシックメッセンジャー))",10,0.39%,17,0.48%,100.00%,0,0.00%,￥0,0,0,0.00%
B0FMPH1BZ3,B0FMP69W6Z,"[CALM.st] レディース スニーカー メッシュ 軽量 通気性 ランニングシューズ 春夏秋 幅広 サイズ 黒 白 (ブラック, 日本の靴のサイズ寸法, 大人, 数値, 25.0 cm)",2,0.08%,2,0.06%,100.00%,0,0.00%,￥0,0,0,0.00%
B0FVNSW9PB,B0FMP7P3LP,[CALM.st] メンズ トート バッグ 大容量 ビジネス 軽量 2way シンプル お洒落 ショルダー ファスナー,45,1.75%,64,1.82%,100.00%,0,0.00%,￥0,0,0,0.00%
B0FKT7CSLG,B0FMP7ZXFW,"[CALM.st] サンダル スポーツ 厚底 アウトドア メンズ レジャー 作業 靴 外履き 室内 通気性 快適 幅広 (グレー, 日本の靴のサイズ寸法, 大人, 数値, 27.0 cm)",8,0.31%,8,0.23%,100.00%,0,0.00%,￥0,0,0,0.00%
B0FKT7CSLG,B0FMP88NS8,"[CALM.st] サンダル スポーツ 厚底 アウトドア メンズ レジャー 作業 靴 外履き 室内 通気性 快適 幅広 (ブラック, 日本の靴のサイズ寸法, 大人, 数値, 27.0 cm)",10,0.39%,12,0.34%,100.00%,0,0.00%,￥0,0,0,0.00%
B0FKT7CSLG,B0FMPBN638,"[CALM.st] サンダル スポーツ 厚底 アウトドア メンズ レジャー 作業 靴 外履き 室内 通気性 快適 幅広 (ブラック, 日本の靴のサイズ寸法, 大人, 数値, 26.0 cm)",5,0.19%,9,0.26%,100.00%,0,0.00%,￥0,0,0,0.00%
B0FDWKWXD6,B0FP5J5TTH,"[CALM.st] メッシュ パンプス レディース フラット ローヒール 通勤 幅広 軽量 走れる 美脚 立ち仕事 (グレー, 日本の靴のサイズ寸法, 大人, 数値, 23.5 cm)",1,0.04%,1,0.03%,100.00%,0,0.00%,￥0,0,0,0.00%
B0FVSJNBZ7,B0FPGCDLM2,[CALM.st] ポップコーンバッグ トート キルティング 大容量 マザーズ 軽量 レディース ワッフル 韓国 (もこもこホワイトL),48,1.87%,57,1.62%,98.18%,0,0.00%,￥0,0,0,0.00%
B0FPGPFXNK,B0FPGJTC2K,"[CALM.st] スニーカー ランニングシューズ 軽量 メンズ ジョギング ウォーキング ジム 通気 運動靴 通学 (ブラック (高密度メッシュ), 日本の靴のサイズ寸法, 大人, 数値, 27.0 cm)",10,0.39%,10,0.28%,100.00%,0,0.00%,￥0,0,0,0.00%
B0FPGPFXNK,B0FPGKL6V3,"[CALM.st] スニーカー ランニングシューズ 軽量 メンズ ジョギング ウォーキング ジム 通気 運動靴 通学 (ブラック (高密度メッシュ), 日本の靴のサイズ寸法, 大人, 数値, 25.0 cm)",3,0.12%,3,0.09%,100.00%,0,0.00%,￥0,0,0,0.00%
B0FPGPFXNK,B0FPGLMYKL,"[CALM.st] スニーカー ランニングシューズ 軽量 メンズ ジョギング ウォーキング ジム 通気 運動靴 通学 (ブラック (高密度メッシュ), 日本の靴のサイズ寸法, 大人, 数値, 26.0 cm)",5,0.19%,6,0.17%,100.00%,0,0.00%,￥0,0,0,0.00%
B0FQ634CN3,B0FQ5W4VNS,スマホポーチ ショルダー スマホ メンズ 小さめ ポシェット スマホケース サコッシュ 斜めがけ (グリーン),23,0.89%,32,0.91%,96.43%,0,0.00%,￥0,0,0,0.00%
B0FQ634CN3,B0FQ5Z5RDN,[CALM.st] スマホポーチ ショルダー スマホ メンズ 小さめ ポシェット スマホケース サコッシュ 斜めがけ (ダークブルー),7,0.27%,8,0.23%,100.00%,0,0.00%,￥0,0,0,0.00%
B0FDWLJK1M,B0FRSS4H9X,"[CALM.st] ワンピース キャミ 薄手 夏 レディース ロング 肩ひも調整 マタニティ Aライン フレア ゆったり (JP, アルファベット, 5L, ブラック)",1,0.04%,1,0.03%,100.00%,0,0.00%,￥0,0,0,0.00%
B0FS6M1SL8,B0FS2BZYV2,[CALM.st] トートバッグ キャンバス 軽量 仕切り 自立 マチ広 ハンドバッグ シンプル レディース (ブラックB スモール (ショルダー有り)),111,4.32%,173,4.91%,98.73%,0,0.00%,￥0,0,0,0.00%
B0FS6M1SL8,B0FS2DRM1K,[CALM.st] トートバッグ キャンバス 軽量 仕切り 自立 マチ広 ハンドバッグ シンプル レディース (ブラックA ラージ),71,2.76%,104,2.95%,100.00%,0,0.00%,￥0,0,0,0.00%
B0FS6P47DH,B0FS2QMSVD,財布 ミニ財布 コンパクト カードケース メンズ 本革 薄型 2つ折り 小銭入れ 大容量 ファスナー (ホワイト),2,0.08%,2,0.06%,100.00%,0,0.00%,￥0,0,0,0.00%
B0FS6P47DH,B0FS31JVSQ,財布 ミニ財布 コンパクト カードケース メンズ 本革 薄型 2つ折り 小銭入れ 大容量 ファスナー (ブラック),5,0.19%,6,0.17%,100.00%,0,0.00%,￥0,0,0,0.00%
B0FS6P47DH,B0FS388KNJ,財布 ミニ財布 コンパクト カードケース メンズ 本革 薄型 2つ折り 小銭入れ 大容量 ファスナー (ブラウン),1,0.04%,1,0.03%,100.00%,0,0.00%,￥0,0,0,0.00%
B0FS81R2FB,B0FS7X8LXR,"[CALM.st] ワンピース ロング丈 ドッキング 長袖 レディース ニット 異素材 切替 大きいサイズ きれいめ (JP, アルファベット, 2XL, ブラック)",7,0.27%,7,0.20%,100.00%,0,0.00%,￥0,0,0,0.00%
B0FS81R2FB,B0FS7Z8S31,"[CALM.st] ワンピース ロング丈 ドッキング 長袖 レディース ニット 異素材 切替 大きいサイズ きれいめ (JP, アルファベット, XL, ブラック)",22,0.86%,28,0.79%,100.00%,0,0.00%,￥0,0,0,0.00%
B0FS83BQ26,B0FS82SX3X,"[CALM.st] タンクトップ キャミソール レディース リブ ブラ紐隠し インナー 伸縮性 細身 Uネック (JP, アルファベット, XS, ブラック)",3,0.12%,3,0.09%,100.00%,0,0.00%,￥0,0,0,0.00%
B0FS83BQ26,B0FS83BQ26,[CALM.st] タンクトップ キャミソール レディース リブ ブラ紐隠し インナー 伸縮性 細身 Uネック,1,0.04%,1,0.03%,0.00%,0,0.00%,￥0,0,0,0.00%
B0FS83BQ26,B0FS83JPTG,"[CALM.st] タンクトップ キャミソール レディース リブ ブラ紐隠し インナー 伸縮性 細身 Uネック (JP, アルファベット, S, ホワイト)",4,0.16%,5,0.14%,100.00%,0,0.00%,￥0,0,0,0.00%
B0FS81R2FB,B0FS83SD3R,"[CALM.st] ワンピース ロング丈 ドッキング 長袖 レディース ニット 異素材 切替 大きいサイズ きれいめ (JP, アルファベット, 4XL, ブラック)",14,0.54%,16,0.45%,100.00%,0,0.00%,￥0,0,0,0.00%
B0FS83BQ26,B0FS86G4PF,"[CALM.st] タンクトップ キャミソール レディース リブ ブラ紐隠し インナー 伸縮性 細身 Uネック (JP, アルファベット, XS, ホワイト)",9,0.35%,10,0.28%,100.00%,0,0.00%,￥0,0,0,0.00%
B0FST32ZJ5,B0FSS4CKN6,[CALM.st] 00054-BK-25,7,0.27%,11,0.31%,100.00%,0,0.00%,￥0,0,0,0.00%
B0FST32ZJ5,B0FSSPTF3X,[CALM.st] 厚底 ブーツ ショートブーツ レディース レースアップ ブーティー 軽量 サイドジッパー コスプレ,19,0.74%,29,0.82%,100.00%,0,0.00%,￥0,0,0,0.00%
B0FST32ZJ5,B0FST32ZJ5,[CALM.st] 厚底 ブーツ ショートブーツ レディース レースアップ ブーティー 軽量 サイドジッパー コスプレ,1,0.04%,1,0.03%,0.00%,0,0.00%,￥0,0,0,0.00%
B0FDWKWXD6,B0FV3S387D,"[CALM.st] メッシュ パンプス レディース フラット ローヒール 通勤 幅広 軽量 走れる 美脚 立ち仕事 (ベージュ, 日本の靴のサイズ寸法, 大人, 数値, 23.5 cm)",10,0.39%,10,0.28%,100.00%,0,0.00%,￥0,0,0,0.00%
B0FXH9F9MV,B0FX42J1PL,"[CALM.st] ワイドパンツ レディース きれいめ ロング ガウチョ フレア パンツ スカーチョ 通年 韓国風 ハイウエスト 9分丈 (JP, アルファベット, L, ブラック)",21,0.82%,31,0.88%,100.00%,0,0.00%,￥0,0,0,0.00%
B0FXH9F9MV,B0FX44NK9K,"[CALM.st] ワイドパンツ レディース きれいめ ロング ガウチョ フレア パンツ スカーチョ 通年 韓国風 ハイウエスト 9分丈 (JP, アルファベット, XL, ライトブラウン)",6,0.23%,6,0.17%,100.00%,0,0.00%,￥0,0,0,0.00%
B0FXHB2T63,B0FX458WXY,[CALM.st] トレーナー レディース スウェット 長袖 丸首 プルオーバー ゆったり 刺繍 シンプル 無地 韓国,6,0.23%,6,0.17%,100.00%,0,0.00%,￥0,0,0,0.00%
B0FXHBNQ7V,B0FX45F52W,"[CALM.st] パンプス レディース ローヒール 靴 歩きやすい リクルート オフィス フォーマル 就活 通勤 出張 1cmヒール (ブラック, 日本の靴のサイズ寸法, 大人, 数値, 25.0 cm)",2,0.08%,3,0.09%,100.00%,0,0.00%,￥0,0,0,0.00%
B0FXH9F9MV,B0FX47H3HP,"[CALM.st] ワイドパンツ レディース きれいめ ロング ガウチョ フレア パンツ スカーチョ 通年 韓国風 ハイウエスト 9分丈 (JP, アルファベット, L, ライトブラウン)",23,0.89%,27,0.77%,96.15%,0,0.00%,￥0,0,0,0.00%
B0FXHBNQ7V,B0FX495PLD,"[CALM.st] パンプス レディース ローヒール 靴 歩きやすい リクルート オフィス フォーマル 就活 通勤 出張 1cmヒール (ブラック, 日本の靴のサイズ寸法, 大人, 数値, 24.0 cm)",3,0.12%,4,0.11%,100.00%,0,0.00%,￥0,0,0,0.00%
B0FXHB2T63,B0FX49FR44,"[CALM.st] トレーナー レディース スウェット 長袖 丸首 プルオーバー ゆったり 刺繍 シンプル 無地 韓国 (JP, アルファベット, XL, ブラック)",2,0.08%,2,0.06%,100.00%,0,0.00%,￥0,0,0,0.00%
B0FPRHKVYT,B0FX4D9B6G,ボディバッグ メンズ 小さめ 防水 斜めがけ ウエストポーチ ショルダーバッグ 軽量 ランニング,6,0.23%,6,0.17%,100.00%,0,0.00%,￥0,0,0,0.00%
B0FXHBNQ7V,B0FXWKCD41,"[CALM.st] パンプス レディース ローヒール 靴 歩きやすい リクルート オフィス フォーマル 就活 通勤 出張 1cmヒール (ブラック, 日本の靴のサイズ寸法, 大人, 数値, 24.5 cm)",6,0.23%,6,0.17%,100.00%,0,0.00%,￥0,0,0,0.00%
B0FYQR4STD,B0FY2NCWZK,"[CALM.st] ワンピース レディース 無地 ロングワンピース 長袖 ハーフハイネック レトロ シンプル ポケット付き 体型カバー ゆったり 普段着 (JP, アルファベット, XL, ブラック)",47,1.83%,57,1.62%,100.00%,0,0.00%,￥0,0,0,0.00%
B0FYQR4STD,B0FY2R12JW,[CALM.st] ワンピース レディース 無地 ロングワンピース 長袖 ハーフハイネック レトロ シンプル ポケット付き 体型カバー ゆったり 普段着,20,0.78%,23,0.65%,100.00%,0,0.00%,￥0,0,0,0.00%
B0FYQR4STD,B0FY2S9PZF,"[CALM.st] ワンピース レディース 無地 ロングワンピース 長袖 ハーフハイネック レトロ シンプル ポケット付き 体型カバー ゆったり 普段着 (JP, アルファベット, 2XL, ブラック)",28,1.09%,31,0.88%,100.00%,0,0.00%,￥0,0,0,0.00%
B0FS83BQ26,B0G1NFJH88,[CALM.st] タンクトップ キャミソール レディース リブ ブラ紐隠し インナー 伸縮性 細身 Uネック,2,0.08%,2,0.06%,100.00%,0,0.00%,￥0,0,0,0.00%
B0FS83BQ26,B0G1NJMSM4,[CALM.st] タンクトップ キャミソール レディース リブ ブラ紐隠し インナー 伸縮性 細身 Uネック,2,0.08%,3,0.09%,100.00%,0,0.00%,￥0,0,0,0.00%
B0FDWKWXD6,B0G1S55DW2,"[CALM.st] メッシュ パンプス レディース フラット ローヒール 通勤 幅広 軽量 走れる 美脚 立ち仕事 (グレー, 日本の靴のサイズ寸法, 大人, 数値, 23.0 cm)",2,0.08%,2,0.06%,100.00%,0,0.00%,￥0,0,0,0.00%
B0FDWKWXD6,B0G1S5F6KC,"[CALM.st] メッシュ パンプス レディース フラット ローヒール 通勤 幅広 軽量 走れる 美脚 立ち仕事 (ベージュ, 日本の靴のサイズ寸法, 大人, 数値, 23.0 cm)",4,0.16%,4,0.11%,100.00%,0,0.00%,￥0,0,0,0.00%
B0FPGPFXNK,B0G1S73QSF,"[CALM.st] スニーカー ランニングシューズ 軽量 メンズ ジョギング ウォーキング ジム 通気 運動靴 通学 (ブラック (高密度メッシュ), 日本の靴のサイズ寸法, 大人, 数値, 26.5 cm)",11,0.43%,16,0.45%,100.00%,0,0.00%,￥0,0,0,0.00%
B0FPGPFXNK,B0G1S8KQDF,"[CALM.st] スニーカー ランニングシューズ 軽量 メンズ ジョギング ウォーキング ジム 通気 運動靴 通学 (ブラック (高密度メッシュ), 日本の靴のサイズ寸法, 大人, 数値, 25.5 cm)",3,0.12%,3,0.09%,100.00%,0,0.00%,￥0,0,0,0.00%
B0FMPH1BZ3,B0G1SBD7DM,"[CALM.st] レディース スニーカー メッシュ 軽量 通気性 ランニングシューズ 春夏秋 幅広 サイズ 黒 白 (ブラック, 日本の靴のサイズ寸法, 大人, 数値, 23.0 cm)",2,0.08%,2,0.06%,100.00%,0,0.00%,￥0,0,0,0.00%
B0FMPH1BZ3,B0G1SBYNGB,"[CALM.st] レディース スニーカー メッシュ 軽量 通気性 ランニングシューズ 春夏秋 幅広 サイズ 黒 白 (ブラック, 日本の靴のサイズ寸法, 大人, 数値, 24.5 cm)",3,0.12%,3,0.09%,100.00%,0,0.00%,￥0,0,0,0.00%
B0FMPH1BZ3,B0G1SCVLW9,"[CALM.st] レディース スニーカー メッシュ 軽量 通気性 ランニングシューズ 春夏秋 幅広 サイズ 黒 白 (ブラック, 日本の靴のサイズ寸法, 大人, 数値, 25.5 cm)",3,0.12%,5,0.14%,100.00%,0,0.00%,￥0,0,0,0.00%
B0G2YXDX61,B0G1V2BS2N,"[CALM.st] 腹巻 薄手 厚手 温活 ウエストウォーマー 防寒 冷え対策 レディース 綿 ボア 伸縮フィット マタニティ 就寝 メンズ (1, ブラックボア(30cm丈), フリーサイズ)",1,0.04%,2,0.06%,100.00%,0,0.00%,￥0,0,0,0.00%
B0FS83BQ26,B0G1XZ6VFG,[CALM.st] タンクトップ キャミソール レディース リブ ブラ紐隠し インナー 伸縮性 細身 Uネック,1,0.04%,1,0.03%,100.00%,0,0.00%,￥0,0,0,0.00%
B0FS83BQ26,B0G1Y2Y6DV,[CALM.st] タンクトップ キャミソール レディース リブ ブラ紐隠し インナー 伸縮性 細身 Uネック,2,0.08%,2,0.06%,100.00%,0,0.00%,￥0,0,0,0.00%
B0FS83BQ26,B0G1Y71TQV,"[CALM.st] タンクトップ キャミソール レディース リブ ブラ紐隠し インナー 伸縮性 細身 Uネック (JP, アルファベット, M, ブラック/ホワイト)",5,0.19%,5,0.14%,100.00%,0,0.00%,￥0,0,0,0.00%
B0G2YXDX61,B0G2CJFSVV,"[CALM.st] 腹巻 薄手 厚手 温活 ウエストウォーマー 防寒 冷え対策 レディース 綿 ボア 伸縮フィット マタニティ 就寝 メンズ (1, ブラック(フィット), XL)",7,0.27%,12,0.34%,100.00%,0,0.00%,￥0,0,0,0.00%
B0G2YXDX61,B0G2CJXNBM,"[CALM.st] 腹巻 薄手 厚手 温活 ウエストウォーマー 防寒 冷え対策 レディース 綿 ボア 伸縮フィット マタニティ 就寝 メンズ (1, ブラック(フィット), M)",4,0.16%,4,0.11%,100.00%,0,0.00%,￥0,0,0,0.00%
B0G2YXDX61,B0G2CK1PWN,"[CALM.st] 腹巻 薄手 厚手 温活 ウエストウォーマー 防寒 冷え対策 レディース 綿 ボア 伸縮フィット マタニティ 就寝 メンズ (1, ブラック(フィット), L)",9,0.35%,10,0.28%,100.00%,0,0.00%,￥0,0,0,0.00%
B0G2YXDX61,B0G2CP1N3T,"[CALM.st] 腹巻 薄手 厚手 温活 ウエストウォーマー 防寒 冷え対策 レディース 綿 ボア 伸縮フィット マタニティ 就寝 メンズ (2, ブラックボア(30cm丈), フリーサイズ)",1,0.04%,1,0.03%,100.00%,0,0.00%,￥0,0,0,0.00%
B0G2Z13C8S,B0G2CPZMM6,"[CALM.st] カーディガン ニット レディース 薄手 前開き 体型カバー 高見え ゆったり セーター シンプル 上品 伸縮 保温 カジュアル オフィス 通勤 日常 羽織 (JP, アルファベット, XL, ブラック)",3,0.12%,3,0.09%,100.00%,0,0.00%,￥0,0,0,0.00%
B0G2M8VJLW,B0G2CQRDKL,[CALM.st] 靴下 レディース ソックス くるぶし 綿 防臭 通気 吸汗 脱げない セット 無地 シンプル オフィス カジュアル スポーツ ギフト 3足 5足 (5),2,0.08%,2,0.06%,100.00%,0,0.00%,￥0,0,0,0.00%
B0G2Z13C8S,B0G2CSW3KY,"[CALM.st] カーディガン ニット レディース 薄手 前開き 体型カバー 高見え ゆったり セーター シンプル 上品 伸縮 保温 カジュアル オフィス 通勤 日常 羽織 (JP, アルファベット, M, ブラック)",2,0.08%,2,0.06%,100.00%,0,0.00%,￥0,0,0,0.00%
B0G2Z13C8S,B0G2CTDKRX,"[CALM.st] カーディガン ニット レディース 薄手 前開き 体型カバー 高見え ゆったり セーター シンプル 上品 伸縮 保温 カジュアル オフィス 通勤 日常 羽織 (JP, アルファベット, 2XL, ブラック)",1,0.04%,1,0.03%,100.00%,0,0.00%,￥0,0,0,0.00%
B0G2YQQZMV,B0G2CTDMBV,"[CALM.st] 猫 ねこ スリッパ もふもふ 室内 冬用 猫柄 ルームシューズ 洗える もこもこ レディース 保温 防寒 滑り止め 厚底 オフィス 男女兼用 (黒猫B, 標準, 日本の靴のサイズ寸法, 大人, 数値, 25.0 cm)",3,0.12%,3,0.09%,100.00%,0,0.00%,￥0,0,0,0.00%
B0G2YQQZMV,B0G2CTKW6Q,"[CALM.st] 猫 ねこ スリッパ もふもふ 室内 冬用 猫柄 ルームシューズ 洗える もこもこ レディース 保温 防寒 滑り止め 厚底 オフィス 男女兼用 (黒猫A, 標準, 日本の靴のサイズ寸法, 大人, 数値, 24.0 cm)",20,0.78%,25,0.71%,100.00%,0,0.00%,￥0,0,0,0.00%
B0G2YQQZMV,B0G2CTM438,"[CALM.st] 猫 ねこ スリッパ もふもふ 室内 冬用 猫柄 ルームシューズ 洗える もこもこ レディース 保温 防寒 滑り止め 厚底 オフィス 男女兼用 (黒猫A, 標準, 日本の靴のサイズ寸法, 大人, 数値, 23.0 cm)",9,0.35%,16,0.45%,100.00%,0,0.00%,￥0,0,0,0.00%
B0G2M8VJLW,B0G2CXQKXB,[CALM.st] 靴下 レディース ソックス くるぶし 綿 防臭 通気 吸汗 脱げない セット 無地 シンプル オフィス カジュアル スポーツ ギフト 3足 5足 (4),3,0.12%,5,0.14%,100.00%,0,0.00%,￥0,0,0,0.00%
B0G2YQQZMV,B0G2CY6CVQ,"[CALM.st] 猫 ねこ スリッパ もふもふ 室内 冬用 猫柄 ルームシューズ 洗える もこもこ レディース 保温 防寒 滑り止め 厚底 オフィス 男女兼用 (黒猫B, 標準, 日本の靴のサイズ寸法, 大人, 数値, 22.5 cm)",10,0.39%,10,0.28%,100.00%,0,0.00%,￥0,0,0,0.00%
B0G2M8VJLW,B0G2M8VJLW,[CALM.st] 靴下 レディース ソックス くるぶし 綿 防臭 通気 吸汗 脱げない セット 無地 シンプル オフィス カジュアル スポーツ ギフト 3足 5足,1,0.04%,1,0.03%,0.00%,0,0.00%,￥0,0,0,0.00%
B0G2YQQZMV,B0G2YQQZMV,[CALM.st] 猫 ねこ スリッパ もふもふ 室内 冬用 猫柄 ルームシューズ 洗える もこもこ レディース 保温 防寒 滑り止め 厚底 オフィス 男女兼用,1,0.04%,1,0.03%,0.00%,0,0.00%,￥0,0,0,0.00%
B0FK3TJSSH,B0G2YVGL2W,"[CALM.st] メンズ レイン シューズ 防水 雨 園芸 農業 通勤 ショート丈 長靴 釣り 通学 梅雨 学校 無地 (ブラックレッド, 日本の靴のサイズ寸法, 大人, 数値, 26.5 cm)",4,0.16%,6,0.17%,100.00%,0,0.00%,￥0,0,0,0.00%
B0FK3TJSSH,B0G2YW4447,[CALM.st] メンズ レイン シューズ 防水 雨 園芸 農業 通勤 ショート丈 長靴 釣り 通学 梅雨 学校 無地,6,0.23%,9,0.26%,100.00%,0,0.00%,￥0,0,0,0.00%
B0G2YXDX61,B0G2YXDX61,[CALM.st] 腹巻 薄手 厚手 温活 ウエストウォーマー 防寒 冷え対策 レディース 綿 ボア 伸縮フィット マタニティ 就寝 メンズ,3,0.12%,5,0.14%,0.00%,0,0.00%,￥0,0,0,0.00%